Date ,TR,Close
9/14/12,856.84,569.9
9/17/12,850.14,565.44
9/18/12,844.02,561.37
9/19/12,836.13,556.12
9/20/12,839.74,558.53
9/21/12,841.31,559.57
9/24/12,836.93,556.66
9/25/12,829.46,551.69
9/26/12,822.11,546.8
9/27/12,832.83,553.93
9/28/12,828.72,551.19
10/1/12,833.2,554.18
10/2/12,833.56,554.42
10/3/12,824.28,548.24
10/4/12,832.56,553.75
10/5/12,831.32,552.93
10/8/12,832.48,553.7
10/9/12,832.55,553.75
10/10/12,817.66,543.84
10/11/12,823.1,547.08
10/12/12,818.83,544.24
10/15/12,823.08,547.04
10/16/12,835.74,555.46
10/17/12,845.62,562.02
10/18/12,845.91,562.19
10/19/12,833.22,553.76
10/22/12,829.64,551.38
10/23/12,810.04,538.35
10/24/12,804.96,534.98
10/25/12,812.41,539.93
10/26/12,813.18,540.44
10/31/12,812.61,539.94
11/1/12,817.51,543.14
11/2/12,803.56,533.87
11/5/12,809.38,537.74
11/6/12,822.05,546.16
11/7/12,798.54,529.44
11/8/12,785.38,520.71
11/9/12,785.53,520.82
11/12/12,786.62,521.54
11/13/12,782.15,518.57
11/14/12,773.22,511.96
11/15/12,774.02,512.49
11/16/12,776.83,514.35
11/19/12,794.32,525.8
11/20/12,791.18,523.72
11/21/12,795.54,526.61
11/23/12,806.07,533.58
11/26/12,799.47,529.21
11/27/12,791.89,524.2
11/28/12,800.5,529.88
11/29/12,801.46,530.38
11/30/12,801.2,530.21
12/3/12,796.31,526.97
12/4/12,793.31,524.95
12/5/12,799,528.62
12/6/12,801.73,530.23
12/7/12,806.97,533.69
12/10/12,806.19,533.16
12/11/12,810.62,536.09
12/12/12,813.88,538.22
12/13/12,806.69,533.45
12/14/12,803.05,531.05
12/17/12,810.15,535.74
12/18/12,823.79,544.76
12/19/12,817.24,540.42
12/20/12,823.18,544.35
12/21/12,813.63,538.03
12/24/12,807.76,534.15
12/26/12,804.75,532.16
12/27/12,803.65,531.43
12/28/12,789.44,522.03
12/31/12,805.96,532.96
1/2/13,824.76,545.39
1/3/13,823.95,544.85
1/4/13,832.58,550.56
1/7/13,825.77,546.06
1/8/13,824.45,545.19
1/9/13,822.79,544.08
1/10/13,830.59,549.24
1/11/13,832.46,550.46
1/14/13,832.37,550.41
1/15/13,835.56,552.49
1/16/13,838.14,554.2
1/17/13,843.97,558.03
1/18/13,851.59,563.07
1/22/13,859.02,567.98
1/23/13,855.86,565.89
1/24/13,859.52,568.31
1/25/13,867,573.26
1/28/13,864.16,571.38
1/29/13,877.84,580.33
1/30/13,871.98,576.47
1/31/13,867.4,573.41
2/1/13,875.43,578.72
2/4/13,867.13,573.23
2/5/13,873.47,577.41
2/6/13,873.71,577.57
2/7/13,870.66,574.53
2/8/13,877.83,579.27
2/11/13,873.01,576.04
2/12/13,875.74,577.85
2/13/13,878.74,579.07
2/14/13,883.86,582.1
2/15/13,874.93,575.96
2/19/13,885.14,582.61
2/20/13,869.07,572.03
2/21/13,863.24,568.2
2/22/13,871.41,573.57
2/25/13,849.5,559.15
2/26/13,857.41,564.35
2/27/13,870.49,572.96
2/28/13,871.15,573.39
3/1/13,869.24,572.13
3/4/13,867.21,570.75
3/5/13,873.47,574.87
3/6/13,874.34,575.16
3/7/13,876.61,576.61
3/8/13,880.57,579.21
3/11/13,880.92,579.42
3/12/13,882.03,580.15
3/13/13,880.48,579.07
3/14/13,891.95,586.61
3/15/13,890.61,585.73
3/18/13,882.76,580.57
3/19/13,874.46,575.11
3/20/13,879.52,578.44
3/21/13,874.91,575.41
3/22/13,882.1,580.13
3/25/13,878.75,577.93
3/26/13,888.11,584.09
3/27/13,890.73,585.81
3/28/13,887.95,583.98
4/1/13,887.8,583.88
4/2/13,883.63,581.14
4/3/13,869.39,571.78
4/4/13,868.39,571.12
4/5/13,868.45,571.16
4/8/13,872.77,574
4/9/13,879.33,578.31
4/10/13,883.75,581.22
4/11/13,887.8,583.87
4/12/13,876.04,576.11
4/15/13,842.1,553.79
4/16/13,851.15,559.74
4/17/13,834.61,548.87
4/18/13,840.53,552.73
4/19/13,840.27,552.56
4/22/13,849.03,558.32
4/23/13,858.71,564.69
4/24/13,868.77,571.3
4/25/13,867.62,570.45
4/26/13,867.44,570.34
4/29/13,875.96,575.94
4/30/13,880.37,578.84
5/1/13,865.97,569.36
5/2/13,877.18,576.68
5/3/13,893.02,587.07
5/6/13,898.01,590.35
5/7/13,904.06,594.33
5/8/13,906.13,595.6
5/9/13,905.27,593.95
5/10/13,901.08,591.2
5/13/13,900.87,591.06
5/14/13,912.61,598.67
5/15/13,910.4,596.44
5/16/13,905.66,593.27
5/17/13,919.96,602.63
5/20/13,931.86,610.38
5/21/13,931.48,610.14
5/22/13,920.49,602.63
5/23/13,918.65,601.43
5/24/13,915.48,599.35
5/28/13,924.7,605.39
5/29/13,922.98,604.25
5/30/13,920.87,602.87
5/31/13,902.53,590.86
6/3/13,911.9,596.79
6/4/13,904.72,592.09
6/5/13,894.72,585.45
6/6/13,900.94,589.28
6/7/13,911.56,596.22
6/10/13,909.1,594.6
6/11/13,896.3,586.23
6/12/13,889.72,581.85
6/13/13,905.23,591.98
6/14/13,896.46,586.24
6/17/13,908.07,593.84
6/18/13,913.26,597.23
6/19/13,904.1,591.24
6/20/13,879.47,575.13
6/21/13,882.32,576.99
6/24/13,868.84,568.18
6/25/13,878.48,574.49
6/26/13,884.62,578.5
6/27/13,886.57,579.78
6/28/13,884.68,578.54
7/1/13,889.6,581.76
7/2/13,891.59,583.06
7/3/13,891.83,583.21
7/5/13,901.58,589.59
7/8/13,907.89,593.72
7/9/13,917.57,600.05
7/10/13,912.23,596.56
7/11/13,920.75,602.11
7/12/13,924.37,604.48
7/15/13,923.74,604.05
7/16/13,918.58,600.67
7/17/13,922.69,603.36
7/18/13,931.9,609.03
7/19/13,944.53,617.28
7/22/13,942.2,615.76
7/23/13,944.04,616.96
7/24/13,935.01,611.06
7/25/13,939.87,614.24
7/26/13,937.28,612.55
7/29/13,929.51,607.37
7/30/13,926.89,605.65
7/31/13,929.65,607.46
8/1/13,940.63,614.56
8/2/13,935.16,610.96
8/5/13,932.54,609.26
8/6/13,927.96,606.25
8/7/13,924.87,604.15
8/8/13,930.07,607.54
8/9/13,927.15,604.56
8/12/13,922.27,601.33
8/13/13,923.86,602.34
8/14/13,920.26,599.92
8/15/13,915.29,595.94
8/16/13,911.52,593.49
8/19/13,897.72,584.37
8/20/13,901.82,587.04
8/21/13,896.96,583.87
8/22/13,909.02,591.73
8/23/13,915.77,596.12
8/26/13,913.49,594.64
8/27/13,907.98,591.05
8/28/13,924.09,601.53
8/29/13,914.06,594.99
8/30/13,914.13,594.84
9/3/13,919.5,598.33
9/4/13,924.35,601.48
9/5/13,926.72,602.98
9/6/13,927.22,603.11
9/9/13,936.75,609.27
9/10/13,936.9,609.37
9/11/13,944.25,613.98
9/12/13,938.68,610.33
9/13/13,939.13,610.62
9/16/13,939.28,610.72
9/17/13,943.27,613.31
9/18/13,954.7,620.75
9/19/13,952.66,619.42
9/20/13,945.23,614.58
9/23/13,940.53,611.53
9/24/13,940.88,611.76
9/25/13,940.41,611.45
9/26/13,940.99,611.83
9/27/13,938.08,609.94
9/30/13,930.27,604.86
10/1/13,935.33,608.14
10/2/13,937.74,609.72
10/3/13,929.87,604.6
10/4/13,937.8,609.76
10/7/13,931.19,605.45
10/8/13,921.76,599.32
10/9/13,918.76,597.37
10/10/13,935.09,607.65
10/11/13,944.74,613.92
10/14/13,950.62,617.74
10/15/13,946.55,615.08
10/16/13,959.5,623.49
10/17/13,961.56,624.83
10/18/13,969.99,630.27
10/21/13,966.27,627.86
10/22/13,972.81,632.11
10/23/13,959.72,623.6
10/24/13,965.32,627.24
10/25/13,969.28,629.82
10/28/13,970.67,630.71
10/29/13,977.2,634.86
10/30/13,971.1,630.89
10/31/13,969.01,629.49
11/1/13,966.06,627.55
11/4/13,978.75,635.79
11/5/13,971.24,630.9
11/6/13,977.11,634.64
11/7/13,964.2,625.19
11/8/13,977.92,634.08
11/11/13,979.51,635.12
11/12/13,971.19,629.63
11/13/13,977.66,633.7
11/14/13,984.06,637.11
11/15/13,990.94,641.56
11/18/13,984.96,637.59
11/19/13,986.69,638.71
11/20/13,983.77,636.82
11/21/13,992.01,642.13
11/22/13,997.55,645.71
11/25/13,989.37,640.37
11/26/13,985.98,638.17
11/27/13,979.04,633.67
11/29/13,977.47,632.66
12/2/13,978.19,632.96
12/3/13,981.42,635.05
12/4/13,977.37,632.34
12/5/13,973.25,629.61
12/6/13,978.69,632.93
12/9/13,979.61,633.49
12/10/13,976.92,631.75
12/11/13,963.18,622.73
12/12/13,967.76,625.69
12/13/13,964.1,623.3
12/16/13,973.35,629.28
12/17/13,967.47,625.48
12/18/13,983.46,635.81
12/19/13,985.65,637.23
12/20/13,986.9,638.04
12/23/13,987.24,638.26
12/24/13,993.53,642.32
12/26/13,1002.04,647.83
12/27/13,1006.91,650.97
12/30/13,998.86,645.77
12/31/13,1007.99,651.67
1/2/14,994.82,643.16
1/3/14,992.3,641.53
1/6/14,992.92,641.93
1/7/14,1001.78,647.66
1/8/14,994.95,643.24
1/9/14,991.29,640.88
1/10/14,992.77,641.83
1/13/14,973.92,629.63
1/14/14,984.55,636.5
1/15/14,981.44,634.47
1/16/14,982.2,634.96
1/17/14,981.72,634.62
1/21/14,986.69,637.84
1/22/14,989.86,639.89
1/23/14,978.77,632.71
1/24/14,958.57,619.65
1/27/14,955.3,617.54
1/28/14,962.74,622.35
1/29/14,957.21,618.66
1/30/14,958.75,619.63
1/31/14,944.52,610.44
2/3/14,927.72,599.58
2/4/14,934.54,603.98
2/5/14,926.48,598.77
2/6/14,940.3,606.57
2/7/14,950.6,613.21
2/10/14,944.69,609.35
2/11/14,958.17,618.04
2/12/14,955.95,615.76
2/13/14,960.28,618.12
2/14/14,974.75,627.11
2/18/14,977.87,629.11
2/19/14,978.45,629.42
2/20/14,985.92,634.22
2/21/14,979.08,629.81
2/24/14,993.92,639.36
2/25/14,993.78,639.27
2/26/14,987.74,635.36
2/27/14,987.62,635.29
2/28/14,992.39,638.36
3/3/14,986.48,634.51
3/4/14,996.51,640.96
3/5/14,985.79,634.07
3/6/14,991.75,637.61
3/7/14,995.72,640.16
3/10/14,997.83,641.48
3/11/14,986.18,633.99
3/12/14,986.91,634.28
3/13/14,977.31,628.11
3/14/14,978.67,628.98
3/17/14,984.94,633.01
3/18/14,992.64,637.94
3/19/14,983.61,632.13
3/20/14,988.58,635.32
3/21/14,991.12,636.96
3/24/14,989.96,636.21
3/25/14,998.27,641.55
3/26/14,995.07,639.49
3/27/14,1003.64,645
3/28/14,1016.05,652.98
3/31/14,1015.93,652.9
4/1/14,1021.35,656.38
4/2/14,1024.6,658.47
4/3/14,1030.38,662.19
4/4/14,1026.2,659.5
4/7/14,1011.39,649.98
4/8/14,1020.55,655.87
4/9/14,1025.48,659.03
4/10/14,1011.84,650.25
4/11/14,1009.58,648.8
4/14/14,1022.86,657.31
4/15/14,1035.68,665.55
4/16/14,1048.17,673.58
4/17/14,1056.86,679.12
4/21/14,1063.77,683.56
4/22/14,1061.43,682.05
4/23/14,1066.44,685.28
4/24/14,1065.41,684.62
4/25/14,1060.76,681.62
4/28/14,1063.83,683.45
4/29/14,1068.33,686.34
4/30/14,1068.25,686.29
5/1/14,1064.59,683.84
5/2/14,1067.99,686.03
5/5/14,1072.97,689.2
5/6/14,1074.52,690.2
5/7/14,1082.92,695.51
5/8/14,1069.01,686.57
5/9/14,1068.91,685.35
5/12/14,1075.47,689.56
5/13/14,1079.01,691.8
5/14/14,1079.5,692.09
5/15/14,1066.77,683.03
5/16/14,1063.8,681.13
5/19/14,1067.18,683.14
5/20/14,1064.61,681.49
5/21/14,1076.67,688.88
5/22/14,1074.92,687.75
5/23/14,1073.59,686.9
5/27/14,1076.04,688.47
5/28/14,1077.47,689.28
5/29/14,1085.27,694.26
5/30/14,1084.02,693.46
6/2/14,1081.82,691.8
6/3/14,1085.41,694.1
6/4/14,1083.94,693.16
6/5/14,1090.62,697.36
6/6/14,1099.99,703.13
6/9/14,1101.2,703.85
6/10/14,1100.08,703.14
6/11/14,1104,705.42
6/12/14,1107.6,707.69
6/13/14,1118.77,714.83
6/16/14,1124.61,718.56
6/17/14,1122.71,717.34
6/18/14,1131.18,722.75
6/19/14,1138.18,727.23
6/20/14,1149.03,734.16
6/23/14,1153.61,737.09
6/24/14,1130.78,722.5
6/25/14,1138.29,727.3
6/26/14,1139.19,727.87
6/27/14,1138.63,727.52
6/30/14,1138.8,727.63
7/1/14,1139.92,728.34
7/2/14,1138.66,727.53
7/3/14,1143.1,730.37
7/7/14,1136.62,726.23
7/8/14,1134.82,725.08
7/9/14,1142.03,729.69
7/10/14,1131.19,722.76
7/11/14,1122.54,717.24
7/14/14,1132.39,723.51
7/15/14,1127.46,720.34
7/16/14,1145.07,731.59
7/17/14,1127.27,719.87
7/18/14,1130.53,721.91
7/21/14,1132.27,723.03
7/22/14,1140.92,728.55
7/23/14,1147.29,732.62
7/24/14,1148.58,733.44
7/25/14,1139.76,727.81
7/28/14,1138.45,726.97
7/29/14,1134.08,724.07
7/30/14,1128.22,720.33
7/31/14,1101.03,702.87
8/1/14,1093.2,697.87
8/4/14,1110.83,709.1
8/5/14,1087.08,693.94
8/6/14,1091.36,696.66
8/7/14,1083.9,691.9
8/8/14,1102.27,703.5
8/11/14,1102.42,702.45
8/12/14,1095.09,697.78
8/13/14,1098.97,700.1
8/14/14,1093.47,696.58
8/15/14,1100.32,700.15
8/18/14,1103.68,702.12
8/19/14,1111.7,707.23
8/20/14,1114.09,708.65
8/21/14,1114.12,708.67
8/22/14,1106.89,704.06
8/25/14,1115.62,709.61
8/26/14,1121.39,713.29
8/27/14,1120.33,712.59
8/28/14,1119.81,712.27
8/29/14,1125.64,715.72
9/2/14,1111.61,706.8
9/3/14,1115.07,709
9/4/14,1100.76,699.83
9/5/14,1108.33,704.64
9/8/14,1091.18,693.47
9/9/14,1086,690.18
9/10/14,1083.16,688.1
9/11/14,1084.11,688.7
9/12/14,1067.83,678.33
9/15/14,1075.63,683.29
9/16/14,1088.39,691.39
9/17/14,1083.17,688.08
9/18/14,1078.02,684.8
9/19/14,1078.05,684.82
9/22/14,1063.41,675.52
9/23/14,1060.05,673.39
9/24/14,1060.43,673.63
9/25/14,1044.15,663.29
9/26/14,1057.78,671.95
9/29/14,1053.32,669.11
9/30/14,1040.64,661.05
10/1/14,1021.21,648.71
10/2/14,1017.33,646.25
10/3/14,1017.35,646.26
10/6/14,1018.65,647.09
10/7/14,1005.1,638.48
10/8/14,1015.22,644.91
10/9/14,978.2,621.04
10/10/14,966.71,613.73
10/13/14,939.12,596.21
10/14/14,927.59,588.9
10/15/14,931.62,591.42
10/16/14,947.32,601.39
10/17/14,956,606.9
10/20/14,963.33,611.51
10/21/14,991.52,629.4
10/22/14,975.08,618.97
10/23/14,992.49,630.02
10/24/14,989.67,628.23
10/27/14,969.58,615.48
10/28/14,991.58,629.44
10/29/14,993.34,630.45
10/30/14,990.45,628.5
10/31/14,1010.69,641.32
11/3/14,993.14,630.16
11/4/14,973.97,617.99
11/5/14,990.98,628.79
11/6/14,1003.68,636.84
11/7/14,1014.88,642.8
11/10/14,1006.43,637.45
11/11/14,1009.07,639.12
11/12/14,1000.16,633.21
11/13/14,986.86,624.69
11/14/14,996.31,629.88
11/17/14,992.26,627.15
11/18/14,992.68,627.42
11/19/14,998.23,630.93
11/20/14,1009.14,637.82
11/21/14,1021.45,645.6
11/24/14,1013.99,640.88
11/25/14,997.77,630.62
11/26/14,986.75,623.65
11/28/14,924.93,584.58
12/1/14,931.82,588.74
12/2/14,944.23,596.58
12/3/14,955.44,603.53
12/4/14,947.86,598.67
12/5/14,936.55,591.53
12/8/14,900.42,568.43
12/9/14,908.11,573.29
12/10/14,880.42,555.63
12/11/14,880.73,555.82
12/12/14,861.84,543.9
12/15/14,855.74,540.03
12/16/14,861.71,543.79
12/17/14,898.09,566.75
12/18/14,917.17,578.79
12/19/14,945.79,596.85
12/22/14,936.53,591.01
12/23/14,948.3,598.44
12/24/14,940.63,593.6
12/26/14,939.98,593.19
12/29/14,942.47,594.76
12/30/14,936.59,591.05
12/31/14,929.53,586.59
1/2/15,933.53,589.12
1/5/15,896.27,565.6
1/6/15,884.53,558.19
1/7/15,887.54,560.09
1/8/15,907.1,572.44
1/9/15,899.94,567.92
1/12/15,874.71,552
1/13/15,868.39,547.99
1/14/15,869.54,548.68
1/15/15,859.04,542.06
1/16/15,886.46,559.36
1/20/15,887.37,559.9
1/21/15,903.62,570.15
1/22/15,908.84,573.44
1/23/15,900.66,568.28
1/26/15,913.17,576.18
1/27/15,911.59,575.18
1/28/15,876.38,552.91
1/29/15,878.35,553.86
1/30/15,884.82,557.95
2/2/15,911.36,574.68
2/3/15,936.66,590.64
2/4/15,921.57,581.12
2/5/15,934.94,589.53
2/6/15,934.32,587.98
2/9/15,936.49,589.03
2/10/15,934.69,587.89
2/11/15,928.75,584.03
2/12/15,943.16,591.84
2/13/15,961.75,603.4
2/17/15,963.14,604.28
2/18/15,949.28,595.48
2/19/15,941.87,590.83
2/20/15,939.08,589.07
2/23/15,935.13,586.6
2/24/15,936.95,587.73
2/25/15,940.88,590.18
2/26/15,924.28,579.76
2/27/15,920.68,577.51
3/2/15,914.44,573.51
3/3/15,916.51,574.81
3/4/15,914.63,573.63
3/5/15,908.99,570.08
3/6/15,894.32,560.66
3/9/15,888.23,556.79
3/10/15,875.6,548.87
3/11/15,877.76,549.97
3/12/15,873.7,547.42
3/13/15,869.63,544.87
3/16/15,881.33,552.2
3/17/15,876.78,549.32
3/18/15,902.2,565.25
3/19/15,886.93,555.68
3/20/15,899.08,563.3
3/23/15,897.48,562.3
3/24/15,890.23,557.75
3/25/15,901.09,564.55
3/26/15,899.26,563.41
3/27/15,892.59,559.23
3/30/15,911.38,571
3/31/15,903.01,565.76
4/1/15,904.68,566.8
4/2/15,906.25,567.79
4/6/15,922.3,577.84
4/7/15,925.14,579.62
4/8/15,915.61,573.65
4/9/15,929.62,582.43
4/10/15,934.3,585.36
4/13/15,926.46,580.43
4/14/15,942.96,590.73
4/15/15,964.67,604.34
4/16/15,962.01,602.67
4/17/15,954.26,597.81
4/20/15,958.57,600.48
4/21/15,948.87,594.4
4/22/15,954.89,598.17
4/23/15,960.77,601.86
4/24/15,954.59,597.98
4/27/15,954,597.61
4/28/15,959.65,600.79
4/29/15,966.48,605.07
4/30/15,963.06,602.89
5/1/15,966.03,604.75
5/4/15,963.81,603.36
5/5/15,953.21,596.72
5/6/15,950.36,594.93
5/7/15,939.95,588.39
5/8/15,955,597.81
5/11/15,937.6,585.57
5/12/15,941.71,588.13
5/13/15,938.91,586.32
5/14/15,939.55,586.6
5/15/15,942.91,587.93
5/18/15,942.29,587.44
5/19/15,930.7,580.21
5/20/15,932.73,581.13
5/21/15,940.59,586.02
5/22/15,936.43,583.44
5/26/15,921.62,574.21
5/27/15,920.71,573.6
5/28/15,917.77,571.77
5/29/15,917.19,571.41
6/1/15,915.69,570.14
6/2/15,920.29,573
6/3/15,914.27,569.26
6/4/15,902.92,562.18
6/5/15,908.86,565.88
6/8/15,904.85,563.1
6/9/15,904.39,562.82
6/10/15,915.41,569.45
6/11/15,911.83,567.19
6/12/15,901.28,560.6
6/15/15,898.52,558.88
6/16/15,905.83,563.43
6/17/15,904.53,562.62
6/18/15,905.14,563
6/19/15,897.11,558.01
6/22/15,905.94,563.5
6/23/15,908.79,565.27
6/24/15,903.08,561.72
6/25/15,893.84,555.98
6/26/15,896.01,557.32
6/29/15,880.28,547.54
6/30/15,886.02,551.11
7/1/15,874.45,543.91
7/2/15,878.25,546.28
7/6/15,867.17,539.38
7/7/15,874.82,544.14
7/8/15,857.7,533.49
7/9/15,860.97,535.53
7/10/15,865.34,538.25
7/13/15,870.79,541.64
7/14/15,878.07,546.16
7/15/15,863.92,537.33
7/16/15,864.39,537.62
7/17/15,855.13,531.86
7/20/15,844.17,525.01
7/21/15,844.99,525.51
7/22/15,839.54,522.13
7/23/15,837.58,520.56
7/24/15,820.97,510.24
7/27/15,809.87,503.33
7/28/15,834.04,518.36
7/29/15,845.28,525
7/30/15,839.92,521.6
7/31/15,818.23,508.05
8/3/15,801.8,497.85
8/4/15,798.11,495.55
8/5/15,792.12,491.84
8/6/15,804.69,499.63
8/7/15,789.73,490.35
8/10/15,814.47,505.61
8/11/15,814.82,504.66
8/12/15,830.01,514.03
8/13/15,819.06,507.11
8/14/15,817.35,506.05
8/17/15,818.41,505.81
8/18/15,815.13,503.79
8/19/15,792.42,489.75
8/20/15,774.92,478.94
8/21/15,748.02,462.29
8/24/15,709.3,438.36
8/25/15,699.66,432.4
8/26/15,724.2,447.55
8/27/15,759.77,469.53
8/28/15,775.36,479.16
8/31/15,784.06,484.21
9/1/15,755.38,466.5
9/2/15,762.38,470.8
9/3/15,764.88,472.35
9/4/15,751.73,464.18
9/8/15,763.19,471.03
9/9/15,748.49,461.89
9/10/15,752.54,464.39
9/11/15,747.03,460.95
9/14/15,741.02,457.24
9/15/15,749.11,462.23
9/16/15,769.84,475.03
9/17/15,769.6,474.86
9/18/15,749.43,462.41
9/21/15,753.73,465.06
9/22/15,745.82,460.02
9/23/15,735.59,453.71
9/24/15,738.64,455.58
9/25/15,740.7,456.85
9/28/15,714.17,440.49
9/29/15,714.27,440.55
9/30/15,731.75,451.33
10/1/15,732.15,451.58
10/2/15,761.51,469.69
10/5/15,783.25,483.09
10/6/15,800.69,493.86
10/7/15,811.31,500.41
10/8/15,826.68,509.88
10/9/15,820.67,506.18
10/12/15,811.78,500.69
10/13/15,804.5,496.2
10/14/15,812.16,500.9
10/15/15,825.95,509.05
10/16/15,827.42,509.95
10/19/15,811.46,500.12
10/20/15,812.89,500.96
10/21/15,804.47,495.77
10/22/15,820.83,505.85
10/23/15,819.19,504.85
10/26/15,798.56,492.13
10/27/15,789.33,486.44
10/28/15,806.86,497.23
10/29/15,809.96,498.71
10/30/15,815.49,502.11
11/2/15,835.38,514.36
11/3/15,856.53,527.38
11/4/15,847.58,521.87
11/5/15,838.75,516.43
11/6/15,835.14,514.21
11/9/15,824.9,506.73
11/10/15,827.41,508.03
11/11/15,811.62,498.34
11/12/15,792.23,486.41
11/13/15,787.53,483.52
11/16/15,814.55,499.26
11/17/15,805.14,493.49
11/18/15,818.08,501.42
11/19/15,807.75,495
11/20/15,799.37,489.86
11/23/15,804.67,493.11
11/24/15,822.28,503.9
11/25/15,815.51,499.73
11/27/15,809.98,496.34
11/30/15,813.51,498.26
12/1/15,819.45,501.81
12/2/15,794.09,486.21
12/3/15,778.14,476.43
12/4/15,774.07,473.94
12/7/15,745.78,456.56
12/8/15,735.01,449.75
12/9/15,745.06,455.74
12/10/15,749.67,458.55
12/11/15,724.53,443.14
12/14/15,730.41,446.73
12/15/15,751.24,459.45
12/16/15,747.38,457.09
12/17/15,728.82,445.74
12/18/15,716.94,438.48
12/21/15,717.27,438.68
12/22/15,726.03,444.03
12/23/15,756.84,462.88
12/24/15,749.95,458.67
12/28/15,736.52,450.45
12/29/15,741.64,453.58
12/30/15,730.76,446.93
12/31/15,733.24,448.44
1/4/16,732.1,447.75
1/5/16,735.81,450.01
1/6/16,709.16,433.71
1/7/16,692.37,423.45
1/8/16,683.09,417.77
1/11/16,668.78,409.02
1/12/16,671.28,410.55
1/13/16,659.42,403.26
1/14/16,688.93,421.3
1/15/16,669.13,409.2
1/19/16,654.61,400.32
1/20/16,635.47,388.58
1/21/16,653.81,399.79
1/22/16,682,417.03
1/25/16,651.19,398.19
1/26/16,675.81,413.24
1/27/16,671.5,410.61
1/28/16,692.92,423.56
1/29/16,711.09,434.67
2/1/16,697.77,426.53
2/2/16,675.03,412.63
2/3/16,701.79,428.99
2/4/16,701.6,428.83
2/5/16,687.51,420.11
2/8/16,687.97,420.39
2/9/16,672.87,410
2/10/16,669.74,407.95
2/11/16,667.3,406.22
2/12/16,685.05,416.7
2/16/16,691.81,420.04
2/17/16,712,432.3
2/18/16,705.34,428.26
2/19/16,702.9,426.77
2/22/16,718.61,436.31
2/23/16,695.5,422.28
2/24/16,701.75,426.08
2/25/16,703.1,426.87
2/26/16,705.76,428.49
2/29/16,697.75,423.54
3/1/16,713.25,432.95
3/2/16,730.73,443.56
3/3/16,740.09,449.24
3/4/16,746.8,453.31
3/7/16,764.47,464.02
3/8/16,733.26,444.86
3/9/16,744.64,451.7
3/10/16,745.09,451.81
3/11/16,761.81,461.9
3/14/16,757.11,459.05
3/15/16,756.07,458.39
3/16/16,768.2,465.75
3/17/16,779.22,472.43
3/18/16,780.74,473.35
3/21/16,776.83,470.98
3/22/16,774.28,469.44
3/23/16,758.02,459.58
3/24/16,761.75,461.84
3/28/16,759.15,460.26
3/29/16,761.81,461.87
3/30/16,763.9,463.14
3/31/16,762.7,462.41
4/1/16,752.13,456
4/4/16,748.28,453.67
4/5/16,742.49,450.16
4/6/16,758.09,459.62
4/7/16,753.44,456.8
4/8/16,768.66,466.03
4/11/16,765.61,464.17
4/12/16,787.31,477.34
4/13/16,790.61,479.3
4/14/16,793.92,481.31
4/15/16,783.94,475.25
4/18/16,796.37,482.79
4/19/16,811.36,491.88
4/20/16,817.95,495.84
4/21/16,813.93,493.4
4/22/16,824.75,499.96
4/25/16,815.83,494.56
4/26/16,827.25,501.47
4/27/16,841,509.79
4/28/16,829.9,502.92
4/29/16,829.06,502.42
5/2/16,829.32,502.57
5/3/16,810.77,491.33
5/4/16,800.21,484.94
5/5/16,806.17,488.53
5/6/16,804.62,487.59
5/9/16,794.61,481.52
5/10/16,808.53,489.96
5/11/16,809.64,489.3
5/12/16,812.93,491.27
5/13/16,802.81,485.15
5/16/16,815.85,492.84
5/17/16,818.97,493.96
5/18/16,811.29,489.21
5/19/16,813.32,490.43
5/20/16,816.75,492.5
5/23/16,814.9,491.28
5/24/16,818.99,493.74
5/25/16,831.34,501.19
5/26/16,827.98,499.14
5/27/16,828.96,499.38
5/31/16,824.25,496.54
6/1/16,825.51,497.3
6/2/16,822.87,495.71
6/3/16,820.54,494.31
6/6/16,836.91,504.16
6/7/16,854.79,514.93
6/8/16,853.45,513.89
6/9/16,849.15,511.3
6/10/16,832.29,501.15
6/13/16,829.77,499.63
6/14/16,829.41,499.38
6/15/16,826.63,497.71
6/16/16,825.16,496.65
6/17/16,832.08,500.82
6/20/16,839.18,505.1
6/21/16,848.06,510.44
6/22/16,843.03,507.41
6/23/16,857.04,515.84
6/24/16,826.93,497.72
6/27/16,805.91,485.07
6/28/16,827.16,497.86
6/29/16,843.89,507.93
6/30/16,851.3,512.39
7/1/16,855.29,514.79
7/5/16,839.1,505.04
7/6/16,843.75,507.85
7/7/16,834.92,502.53
7/8/16,845.69,509.01
7/11/16,847.06,509.84
7/12/16,866.16,521.33
7/13/16,860.07,517.63
7/14/16,863.59,519.75
7/15/16,863.38,519.62
7/18/16,862.89,519.33
7/19/16,858.41,516.63
7/20/16,857.02,515.76
7/21/16,849.5,511.11
7/22/16,852.32,512.82
7/25/16,835.35,502.6
7/26/16,838.75,504.65
7/27/16,830.09,499.44
7/28/16,828.9,498.63
7/29/16,834.87,502.23
8/1/16,807.07,485.5
8/2/16,814.28,489.84
8/3/16,828.62,498.47
8/4/16,827.53,497.71
8/5/16,834.51,501.92
8/8/16,844.72,508.05
8/9/16,840.7,505.52
8/10/16,830.99,498.38
8/11/16,841.87,504.87
8/12/16,847.38,508.16
8/15/16,852.49,511.14
8/16/16,854.48,512.22
8/17/16,857.55,513.29
8/18/16,872.84,522.44
8/19/16,865.68,518.15
8/22/16,858.05,513.59
8/23/16,861.82,515.85
8/24/16,859.5,514.46
8/25/16,856.99,512.96
8/26/16,854.09,511.22
8/29/16,859.81,514.62
8/30/16,856.22,512.47
8/31/16,844.49,505.45
9/1/16,842.26,504.11
9/2/16,849.88,508.35
9/6/16,862.79,516.07
9/7/16,866.11,517.78
9/8/16,880.55,526.42
9/9/16,855.9,511.68
9/12/16,863.44,516.18
9/13/16,838.75,501.41
9/14/16,829.15,495.65
9/15/16,838.25,501.07
9/16/16,831.08,496.79
9/19/16,830.08,496.19
9/20/16,823.24,492.1
9/21/16,840.69,502.53
9/22/16,842.51,503.62
9/23/16,831.89,497.27
9/26/16,828.1,495
9/27/16,824.27,492.72
9/28/16,860.08,514.12
9/29/16,859.35,513.68
9/30/16,870.51,520.35
10/3/16,869.14,519.53
10/4/16,860.8,514.55
10/5/16,872.91,521.79
10/6/16,874.38,522.67
10/7/16,870.39,520.28
10/10/16,883.49,528.11
10/11/16,873.2,521.96
10/12/16,869.62,519.82
10/13/16,864.14,516.39
10/14/16,860.59,514.27
10/17/16,856.79,512
10/18/16,859.97,513.9
10/19/16,871.73,520.89
10/20/16,870.93,520.41
10/21/16,864.94,516.84
10/24/16,863.56,516.01
10/25/16,859.02,513.29
10/26/16,861.45,514.75
10/27/16,858.7,513.05
10/28/16,855.03,510.77
10/31/16,845.18,504.89
11/1/16,845.99,505.37
11/2/16,837.44,500.26
11/3/16,840.6,502.11
11/4/16,836.53,499.68
11/7/16,854.79,510.58
11/8/16,856.87,510.49
11/9/16,869.89,518.23
11/10/16,872.58,519.83
11/11/16,858.1,511.21
11/14/16,861.26,513
11/15/16,884.55,526.77
11/16/16,878.12,522.16
11/17/16,872.19,518.63
11/18/16,876.37,521.02
11/21/16,895.65,532.48
11/22/16,895.53,532.41
11/23/16,899.54,534.79
11/25/16,896.01,532.69
11/28/16,884.31,525.71
11/29/16,874.09,519.64
11/30/16,916.22,544.67
12/1/16,918.7,546.15
12/2/16,919.69,546.74
12/5/16,926.86,550.67
12/6/16,925.91,550.11
12/7/16,932.55,553.78
12/8/16,936.99,556.42
12/9/16,940.85,558.71
12/12/16,947.64,562.73
12/13/16,959.65,569.85
12/14/16,939.27,557.75
12/15/16,943.16,560.03
12/16/16,948.46,563.18
12/19/16,943.81,560.42
12/20/16,941.82,559.24
12/21/16,943.36,560.15
12/22/16,947.62,562.68
12/23/16,945.72,561.56
12/27/16,947.95,562.88
12/28/16,938.69,557.38
12/29/16,936.41,556.03
12/30/16,933.84,554.5
1/3/17,944.63,560.9
1/4/17,941.92,559.3
1/5/17,938.87,557.48
1/6/17,939.01,557.57
1/9/17,925.14,549.33
1/10/17,916.34,544.11
1/11/17,927.36,550.65
1/12/17,922.95,548
1/13/17,921.2,546.96
1/17/17,926.98,550.39
1/18/17,923.92,548.53
1/19/17,917.2,544.55
1/20/17,922.03,547.41
1/23/17,911.71,541.29
1/24/17,920.69,546.61
1/25/17,925.85,549.68
1/26/17,925.81,549.61
1/27/17,917.08,544.42
1/30/17,901.13,534.86
1/31/17,900.25,534.34
2/1/17,893.49,530.33
2/2/17,898.82,533.45
2/3/17,906.56,538.04
2/6/17,898.52,533.27
2/7/17,886.18,525.95
2/8/17,887.53,525.58
2/9/17,895.85,530.46
2/10/17,902.76,534.42
2/13/17,903.89,534.57
2/14/17,906.45,535.25
2/15/17,903.25,533.36
2/16/17,891.09,526.07
2/17/17,886.4,523.3
2/21/17,892.45,526.88
2/22/17,878.34,518.55
2/23/17,882.79,521.17
2/24/17,874.96,516.53
2/27/17,882.65,521.01
2/28/17,880.5,519.74
3/1/17,898.57,530.4
3/2/17,890.93,525.9
3/3/17,887.7,523.98
3/6/17,890.33,525.53
3/7/17,882.29,520.78
3/8/17,860.39,507.54
3/9/17,865.48,510.54
3/10/17,864.81,510.15
3/13/17,865.25,510.37
3/14/17,855.7,504.73
3/15/17,873.51,515.23
3/16/17,868.44,512.24
3/17/17,867.72,511.82
3/20/17,866.64,511.18
3/21/17,860.54,507.58
3/22/17,859.63,507.05
3/23/17,856.57,505.24
3/24/17,852.65,502.92
3/27/17,849.17,500.87
3/28/17,860.1,507.32
3/29/17,870.59,513.51
3/30/17,874.69,515.92
3/31/17,871.45,514.01
4/3/17,869.94,513.13
4/4/17,876.13,516.78
4/5/17,873.19,515.04
4/6/17,880.14,519.14
4/7/17,876.74,517.13
4/10/17,883.51,521.12
4/11/17,882.82,520.68
4/12/17,879.81,518.9
4/13/17,863.69,509.4
4/17/17,865.35,510.38
4/18/17,857.83,505.94
4/19/17,845.64,498.72
4/20/17,848.95,500.67
4/21/17,845.32,498.53
4/24/17,849.9,501.23
4/25/17,857.88,505.94
4/26/17,854.44,503.91
4/27/17,845.19,498.31
4/28/17,846.27,498.95
5/1/17,844.39,497.84
5/2/17,840.2,495.37
5/3/17,842.95,496.99
5/4/17,827.01,487.54
5/5/17,840.43,495.45
5/8/17,846.35,498.95
5/9/17,839.1,494.67
5/10/17,850.12,499.94
5/11/17,848.68,498.94
5/12/17,845.97,497.35
5/15/17,851.62,500.45
5/16/17,848.06,498.24
5/17/17,839.92,492.61
5/18/17,838.96,492.05
5/19/17,849.36,498.15
5/22/17,847.92,497.31
5/23/17,849.33,498.13
5/24/17,845.62,495.96
5/25/17,830.5,487.09
5/26/17,831.18,487.49
5/30/17,820.77,481.11
5/31/17,817.49,479.19
6/1/17,822.91,482.37
6/2/17,813.19,476.67
6/5/17,814.63,477.46
6/6/17,824.43,483.2
6/7/17,812.78,476.05
6/8/17,810.53,474.73
6/9/17,830.61,486.49
6/12/17,836.21,489.77
6/13/17,841.79,493.02
6/14/17,826.44,483.99
6/15/17,820.81,480.7
6/16/17,834.89,488.95
6/19/17,829.18,485.6
6/20/17,818.85,479.55
6/21/17,805.75,471.88
6/22/17,804.73,471.28
6/23/17,810.78,474.83
6/26/17,808.85,473.69
6/27/17,807.46,472.88
6/28/17,812.06,475.57
6/29/17,813.06,476.16
6/30/17,816.04,477.91
7/3/17,832.41,487.49
7/5/17,815.64,477.67
7/6/17,806.64,472.4
7/7/17,805.87,471.95
7/10/17,808.01,473.2
7/11/17,812.25,475.69
7/12/17,814.66,477.09
7/13/17,818.29,479.19
7/14/17,822.71,481.78
7/17/17,821.6,481.13
7/18/17,817.6,478.78
7/19/17,829.07,485.46
7/20/17,826.32,483.72
7/21/17,819.01,479.45
7/24/17,816.59,478.03
7/25/17,826.91,484.07
7/26/17,827.74,484.56
7/27/17,836.14,489.38
7/28/17,834.54,488.44
7/31/17,836.45,489.57
8/1/17,836.97,489.87
8/2/17,834.35,488.33
8/3/17,823.35,481.77
8/4/17,826.21,483.44
8/7/17,819.29,479.27
8/8/17,818.27,478.67
8/9/17,819.28,479.23
8/10/17,810.47,472.82
8/11/17,804.86,469.55
8/14/17,802.88,468.29
8/15/17,799.71,466.44
8/16/17,792.29,461.18
8/17/17,780.85,454.52
8/18/17,785.26,457.09
8/21/17,780.93,454.57
8/22/17,786.35,457.72
8/23/17,789.35,459.47
8/24/17,789.22,459.39
8/25/17,793.32,461.78
8/28/17,789.6,459.61
8/29/17,788.71,459.06
8/30/17,788.96,459.21
8/31/17,793.09,461.61
,,
,,
,,
,,
,,
,,
,,
,,
,,
,,
,,
,,
,,
,,
,,
,,
,,
,,
,,